Workbook

Sheet Dashboard
A1: Daily Wellness Tracker — Dashboard | K1: How to use
K2: 1. Fill in one row per day on the tab for the current month.
A3: Select Month: | B3: January | K3: 2. Weight, steps, heart rate, calories, water, sleep, screen time are all numeric — leave blank if not tracked that day.
K4: 3. Mood, Exercise, Sleep Quality, Stress Level are dropdowns — click the cell to pick from the list.
A5: Avg Weight - Morning (kg) | C5: Avg Steps | E5: Avg Sleep (hrs) | G5: Avg Water (L) | I5: Days Logged | K5: 4. BMI is calculated automatically from your Height in the Settings tab.
A6: =IFERROR(INDEX(B10:B21,MATCH($B$3,$A10:$A21,0)),"") -> 62.4 | C6: =IFERROR(INDEX(D10:D21,MATCH($B$3,$A10:$A21,0)),"") -> 7400 | E6: =IFERROR(INDEX(I10:I21,MATCH($B$3,$A10:$A21,0)),"") -> 7 | G6: =IFERROR(INDEX(H10:H21,MATCH($B$3,$A10:$A21,0)),"") -> 2.5 | I6: =IFERROR(INDEX(K10:K21,MATCH($B$3,$A10:$A21,0)),"") -> 1 | K6: 5. January row 3 (yellow) is a filled-in EXAMPLE — edit or delete it before logging your own data.
K7: 6. Change your Height and daily goals any time in Settings — every formula and data bar updates automatically.
K8: 7. Pick a month below to see that month's KPIs update instantly.
A9: Month | B9: Avg Weight - Morning (kg) | C9: Avg Weight - Evening (kg) | D9: Avg Steps | E9: Avg Resting HR (bpm) | F9: Avg Calories In | G9: Avg Calories Burned | H9: Avg Water (L) | I9: Avg Sleep (hrs) | J9: Avg Screen Time (hrs) | K9: Days Logged
A10: January | B10: =IFERROR(ROUND(AVERAGEIF(January!C3:C33,"<>"),1),"") -> 62.4 | C10: =IFERROR(ROUND(AVERAGEIF(January!E3:E33,"<>"),1),"") -> 62.9 | D10: =IFERROR(ROUND(AVERAGEIF(January!F3:F33,"<>"),1),"") -> 7400 | E10: =IFERROR(ROUND(AVERAGEIF(January!G3:G33,"<>"),1),"") -> 72 | F10: =IFERROR(ROUND(AVERAGEIF(January!H3:H33,"<>"),1),"") -> 1850 | G10: =IFERROR(ROUND(AVERAGEIF(January!I3:I33,"<>"),1),"") -> 2100 | H10: =IFERROR(ROUND(AVERAGEIF(January!J3:J33,"<>"),1),"") -> 2.5 | I10: =IFERROR(ROUND(AVERAGEIF(January!K3:K33,"<>"),1),"") -> 7 | J10: =IFERROR(ROUND(AVERAGEIF(January!M3:M33,"<>"),1),"") -> 5.5 | K10: =COUNT(January!A3:A33) -> 1
A11: February | B11: =IFERROR(ROUND(AVERAGEIF(February!C3:C33,"<>"),1),"") | C11: =IFERROR(ROUND(AVERAGEIF(February!E3:E33,"<>"),1),"") | D11: =IFERROR(ROUND(AVERAGEIF(February!F3:F33,"<>"),1),"") | E11: =IFERROR(ROUND(AVERAGEIF(February!G3:G33,"<>"),1),"") | F11: =IFERROR(ROUND(AVERAGEIF(February!H3:H33,"<>"),1),"") | G11: =IFERROR(ROUND(AVERAGEIF(February!I3:I33,"<>"),1),"") | H11: =IFERROR(ROUND(AVERAGEIF(February!J3:J33,"<>"),1),"") | I11: =IFERROR(ROUND(AVERAGEIF(February!K3:K33,"<>"),1),"") | J11: =IFERROR(ROUND(AVERAGEIF(February!M3:M33,"<>"),1),"") | K11: =COUNT(February!A3:A33) -> 0
A12: March | B12: =IFERROR(ROUND(AVERAGEIF(March!C3:C33,"<>"),1),"") | C12: =IFERROR(ROUND(AVERAGEIF(March!E3:E33,"<>"),1),"") | D12: =IFERROR(ROUND(AVERAGEIF(March!F3:F33,"<>"),1),"") | E12: =IFERROR(ROUND(AVERAGEIF(March!G3:G33,"<>"),1),"") | F12: =IFERROR(ROUND(AVERAGEIF(March!H3:H33,"<>"),1),"") | G12: =IFERROR(ROUND(AVERAGEIF(March!I3:I33,"<>"),1),"") | H12: =IFERROR(ROUND(AVERAGEIF(March!J3:J33,"<>"),1),"") | I12: =IFERROR(ROUND(AVERAGEIF(March!K3:K33,"<>"),1),"") | J12: =IFERROR(ROUND(AVERAGEIF(March!M3:M33,"<>"),1),"") | K12: =COUNT(March!A3:A33) -> 0
A13: April | B13: =IFERROR(ROUND(AVERAGEIF(April!C3:C33,"<>"),1),"") | C13: =IFERROR(ROUND(AVERAGEIF(April!E3:E33,"<>"),1),"") | D13: =IFERROR(ROUND(AVERAGEIF(April!F3:F33,"<>"),1),"") | E13: =IFERROR(ROUND(AVERAGEIF(April!G3:G33,"<>"),1),"") | F13: =IFERROR(ROUND(AVERAGEIF(April!H3:H33,"<>"),1),"") | G13: =IFERROR(ROUND(AVERAGEIF(April!I3:I33,"<>"),1),"") | H13: =IFERROR(ROUND(AVERAGEIF(April!J3:J33,"<>"),1),"") | I13: =IFERROR(ROUND(AVERAGEIF(April!K3:K33,"<>"),1),"") | J13: =IFERROR(ROUND(AVERAGEIF(April!M3:M33,"<>"),1),"") | K13: =COUNT(April!A3:A33) -> 0
A14: May | B14: =IFERROR(ROUND(AVERAGEIF(May!C3:C33,"<>"),1),"") | C14: =IFERROR(ROUND(AVERAGEIF(May!E3:E33,"<>"),1),"") | D14: =IFERROR(ROUND(AVERAGEIF(May!F3:F33,"<>"),1),"") | E14: =IFERROR(ROUND(AVERAGEIF(May!G3:G33,"<>"),1),"") | F14: =IFERROR(ROUND(AVERAGEIF(May!H3:H33,"<>"),1),"") | G14: =IFERROR(ROUND(AVERAGEIF(May!I3:I33,"<>"),1),"") | H14: =IFERROR(ROUND(AVERAGEIF(May!J3:J33,"<>"),1),"") | I14: =IFERROR(ROUND(AVERAGEIF(May!K3:K33,"<>"),1),"") | J14: =IFERROR(ROUND(AVERAGEIF(May!M3:M33,"<>"),1),"") | K14: =COUNT(May!A3:A33) -> 0
A15: June | B15: =IFERROR(ROUND(AVERAGEIF(June!C3:C33,"<>"),1),"") | C15: =IFERROR(ROUND(AVERAGEIF(June!E3:E33,"<>"),1),"") | D15: =IFERROR(ROUND(AVERAGEIF(June!F3:F33,"<>"),1),"") | E15: =IFERROR(ROUND(AVERAGEIF(June!G3:G33,"<>"),1),"") | F15: =IFERROR(ROUND(AVERAGEIF(June!H3:H33,"<>"),1),"") | G15: =IFERROR(ROUND(AVERAGEIF(June!I3:I33,"<>"),1),"") | H15: =IFERROR(ROUND(AVERAGEIF(June!J3:J33,"<>"),1),"") | I15: =IFERROR(ROUND(AVERAGEIF(June!K3:K33,"<>"),1),"") | J15: =IFERROR(ROUND(AVERAGEIF(June!M3:M33,"<>"),1),"") | K15: =COUNT(June!A3:A33) -> 0
A16: July | B16: =IFERROR(ROUND(AVERAGEIF(July!C3:C33,"<>"),1),"") | C16: =IFERROR(ROUND(AVERAGEIF(July!E3:E33,"<>"),1),"") | D16: =IFERROR(ROUND(AVERAGEIF(July!F3:F33,"<>"),1),"") | E16: =IFERROR(ROUND(AVERAGEIF(July!G3:G33,"<>"),1),"") | F16: =IFERROR(ROUND(AVERAGEIF(July!H3:H33,"<>"),1),"") | G16: =IFERROR(ROUND(AVERAGEIF(July!I3:I33,"<>"),1),"") | H16: =IFERROR(ROUND(AVERAGEIF(July!J3:J33,"<>"),1),"") | I16: =IFERROR(ROUND(AVERAGEIF(July!K3:K33,"<>"),1),"") | J16: =IFERROR(ROUND(AVERAGEIF(July!M3:M33,"<>"),1),"") | K16: =COUNT(July!A3:A33) -> 0
A17: August | B17: =IFERROR(ROUND(AVERAGEIF(August!C3:C33,"<>"),1),"") -> 63.9 | C17: =IFERROR(ROUND(AVERAGEIF(August!E3:E33,"<>"),1),"") | D17: =IFERROR(ROUND(AVERAGEIF(August!F3:F33,"<>"),1),"") -> 2000 | E17: =IFERROR(ROUND(AVERAGEIF(August!G3:G33,"<>"),1),"") | F17: =IFERROR(ROUND(AVERAGEIF(August!H3:H33,"<>"),1),"") | G17: =IFERROR(ROUND(AVERAGEIF(August!I3:I33,"<>"),1),"") | H17: =IFERROR(ROUND(AVERAGEIF(August!J3:J33,"<>"),1),"") -> 3.5 | I17: =IFERROR(ROUND(AVERAGEIF(August!K3:K33,"<>"),1),"") -> 6 | J17: =IFERROR(ROUND(AVERAGEIF(August!M3:M33,"<>"),1),"") -> 8 | K17: =COUNT(August!A3:A33) -> 31
A18: September | B18: =IFERROR(ROUND(AVERAGEIF(September!C3:C33,"<>"),1),"") | C18: =IFERROR(ROUND(AVERAGEIF(September!E3:E33,"<>"),1),"") | D18: =IFERROR(ROUND(AVERAGEIF(September!F3:F33,"<>"),1),"") | E18: =IFERROR(ROUND(AVERAGEIF(September!G3:G33,"<>"),1),"") | F18: =IFERROR(ROUND(AVERAGEIF(September!H3:H33,"<>"),1),"") | G18: =IFERROR(ROUND(AVERAGEIF(September!I3:I33,"<>"),1),"") | H18: =IFERROR(ROUND(AVERAGEIF(September!J3:J33,"<>"),1),"") | I18: =IFERROR(ROUND(AVERAGEIF(September!K3:K33,"<>"),1),"") | J18: =IFERROR(ROUND(AVERAGEIF(September!M3:M33,"<>"),1),"") | K18: =COUNT(September!A3:A33) -> 0
A19: October | B19: =IFERROR(ROUND(AVERAGEIF(October!C3:C33,"<>"),1),"") | C19: =IFERROR(ROUND(AVERAGEIF(October!E3:E33,"<>"),1),"") | D19: =IFERROR(ROUND(AVERAGEIF(October!F3:F33,"<>"),1),"") | E19: =IFERROR(ROUND(AVERAGEIF(October!G3:G33,"<>"),1),"") | F19: =IFERROR(ROUND(AVERAGEIF(October!H3:H33,"<>"),1),"") | G19: =IFERROR(ROUND(AVERAGEIF(October!I3:I33,"<>"),1),"") | H19: =IFERROR(ROUND(AVERAGEIF(October!J3:J33,"<>"),1),"") | I19: =IFERROR(ROUND(AVERAGEIF(October!K3:K33,"<>"),1),"") | J19: =IFERROR(ROUND(AVERAGEIF(October!M3:M33,"<>"),1),"") | K19: =COUNT(October!A3:A33) -> 0
A20: November | B20: =IFERROR(ROUND(AVERAGEIF(November!C3:C33,"<>"),1),"") | C20: =IFERROR(ROUND(AVERAGEIF(November!E3:E33,"<>"),1),"") | D20: =IFERROR(ROUND(AVERAGEIF(November!F3:F33,"<>"),1),"") | E20: =IFERROR(ROUND(AVERAGEIF(November!G3:G33,"<>"),1),"") | F20: =IFERROR(ROUND(AVERAGEIF(November!H3:H33,"<>"),1),"") | G20: =IFERROR(ROUND(AVERAGEIF(November!I3:I33,"<>"),1),"") | H20: =IFERROR(ROUND(AVERAGEIF(November!J3:J33,"<>"),1),"") | I20: =IFERROR(ROUND(AVERAGEIF(November!K3:K33,"<>"),1),"") | J20: =IFERROR(ROUND(AVERAGEIF(November!M3:M33,"<>"),1),"") | K20: =COUNT(November!A3:A33) -> 0
A21: December | B21: =IFERROR(ROUND(AVERAGEIF(December!C3:C33,"<>"),1),"") | C21: =IFERROR(ROUND(AVERAGEIF(December!E3:E33,"<>"),1),"") | D21: =IFERROR(ROUND(AVERAGEIF(December!F3:F33,"<>"),1),"") | E21: =IFERROR(ROUND(AVERAGEIF(December!G3:G33,"<>"),1),"") | F21: =IFERROR(ROUND(AVERAGEIF(December!H3:H33,"<>"),1),"") | G21: =IFERROR(ROUND(AVERAGEIF(December!I3:I33,"<>"),1),"") | H21: =IFERROR(ROUND(AVERAGEIF(December!J3:J33,"<>"),1),"") | I21: =IFERROR(ROUND(AVERAGEIF(December!K3:K33,"<>"),1),"") | J21: =IFERROR(ROUND(AVERAGEIF(December!M3:M33,"<>"),1),"") | K21: =COUNT(December!A3:A33) -> 0
A24: Mood | B24: Count (all months)
A25: Happy | B25: =COUNTIF(January!P3:P33,$A25)+COUNTIF(February!P3:P33,$A25)+COUNTIF(March!P3:P33,$A25)+COUNTIF(April!P3:P33,$A25)+COUNTIF(May!P3:P33,$A25)+COUNTIF(June!P3:P33,$A25)+COUNTIF(July!P3:P33,$A25)+COUNTIF(August!P3:P33,$A25)+COUNTIF(September!P3:P33,$A25)+COUNTIF(October!P3:P33,$A25)+COUNTIF(November!P3:P33,$A25)+COUNTIF(December!P3:P33,$A25) -> 0
A26: Calm | B26: =COUNTIF(January!P3:P33,$A26)+COUNTIF(February!P3:P33,$A26)+COUNTIF(March!P3:P33,$A26)+COUNTIF(April!P3:P33,$A26)+COUNTIF(May!P3:P33,$A26)+COUNTIF(June!P3:P33,$A26)+COUNTIF(July!P3:P33,$A26)+COUNTIF(August!P3:P33,$A26)+COUNTIF(September!P3:P33,$A26)+COUNTIF(October!P3:P33,$A26)+COUNTIF(November!P3:P33,$A26)+COUNTIF(December!P3:P33,$A26) -> 1
A27: Energetic | B27: =COUNTIF(January!P3:P33,$A27)+COUNTIF(February!P3:P33,$A27)+COUNTIF(March!P3:P33,$A27)+COUNTIF(April!P3:P33,$A27)+COUNTIF(May!P3:P33,$A27)+COUNTIF(June!P3:P33,$A27)+COUNTIF(July!P3:P33,$A27)+COUNTIF(August!P3:P33,$A27)+COUNTIF(September!P3:P33,$A27)+COUNTIF(October!P3:P33,$A27)+COUNTIF(November!P3:P33,$A27)+COUNTIF(December!P3:P33,$A27) -> 0
A28: Tired | B28: =COUNTIF(January!P3:P33,$A28)+COUNTIF(February!P3:P33,$A28)+COUNTIF(March!P3:P33,$A28)+COUNTIF(April!P3:P33,$A28)+COUNTIF(May!P3:P33,$A28)+COUNTIF(June!P3:P33,$A28)+COUNTIF(July!P3:P33,$A28)+COUNTIF(August!P3:P33,$A28)+COUNTIF(September!P3:P33,$A28)+COUNTIF(October!P3:P33,$A28)+COUNTIF(November!P3:P33,$A28)+COUNTIF(December!P3:P33,$A28) -> 0
A29: Low | B29: =COUNTIF(January!P3:P33,$A29)+COUNTIF(February!P3:P33,$A29)+COUNTIF(March!P3:P33,$A29)+COUNTIF(April!P3:P33,$A29)+COUNTIF(May!P3:P33,$A29)+COUNTIF(June!P3:P33,$A29)+COUNTIF(July!P3:P33,$A29)+COUNTIF(August!P3:P33,$A29)+COUNTIF(September!P3:P33,$A29)+COUNTIF(October!P3:P33,$A29)+COUNTIF(November!P3:P33,$A29)+COUNTIF(December!P3:P33,$A29) -> 0
A30: Irritable | B30: =COUNTIF(January!P3:P33,$A30)+COUNTIF(February!P3:P33,$A30)+COUNTIF(March!P3:P33,$A30)+COUNTIF(April!P3:P33,$A30)+COUNTIF(May!P3:P33,$A30)+COUNTIF(June!P3:P33,$A30)+COUNTIF(July!P3:P33,$A30)+COUNTIF(August!P3:P33,$A30)+COUNTIF(September!P3:P33,$A30)+COUNTIF(October!P3:P33,$A30)+COUNTIF(November!P3:P33,$A30)+COUNTIF(December!P3:P33,$A30) -> 1
A31: Anxious | B31: =COUNTIF(January!P3:P33,$A31)+COUNTIF(February!P3:P33,$A31)+COUNTIF(March!P3:P33,$A31)+COUNTIF(April!P3:P33,$A31)+COUNTIF(May!P3:P33,$A31)+COUNTIF(June!P3:P33,$A31)+COUNTIF(July!P3:P33,$A31)+COUNTIF(August!P3:P33,$A31)+COUNTIF(September!P3:P33,$A31)+COUNTIF(October!P3:P33,$A31)+COUNTIF(November!P3:P33,$A31)+COUNTIF(December!P3:P33,$A31) -> 0
A32: Sad | B32: =COUNTIF(January!P3:P33,$A32)+COUNTIF(February!P3:P33,$A32)+COUNTIF(March!P3:P33,$A32)+COUNTIF(April!P3:P33,$A32)+COUNTIF(May!P3:P33,$A32)+COUNTIF(June!P3:P33,$A32)+COUNTIF(July!P3:P33,$A32)+COUNTIF(August!P3:P33,$A32)+COUNTIF(September!P3:P33,$A32)+COUNTIF(October!P3:P33,$A32)+COUNTIF(November!P3:P33,$A32)+COUNTIF(December!P3:P33,$A32) -> 0
A33: Headache | B33: =COUNTIF(January!P3:P33,$A33)+COUNTIF(February!P3:P33,$A33)+COUNTIF(March!P3:P33,$A33)+COUNTIF(April!P3:P33,$A33)+COUNTIF(May!P3:P33,$A33)+COUNTIF(June!P3:P33,$A33)+COUNTIF(July!P3:P33,$A33)+COUNTIF(August!P3:P33,$A33)+COUNTIF(September!P3:P33,$A33)+COUNTIF(October!P3:P33,$A33)+COUNTIF(November!P3:P33,$A33)+COUNTIF(December!P3:P33,$A33) -> 0
A34: Other | B34: =COUNTIF(January!P3:P33,$A34)+COUNTIF(February!P3:P33,$A34)+COUNTIF(March!P3:P33,$A34)+COUNTIF(April!P3:P33,$A34)+COUNTIF(May!P3:P33,$A34)+COUNTIF(June!P3:P33,$A34)+COUNTIF(July!P3:P33,$A34)+COUNTIF(August!P3:P33,$A34)+COUNTIF(September!P3:P33,$A34)+COUNTIF(October!P3:P33,$A34)+COUNTIF(November!P3:P33,$A34)+COUNTIF(December!P3:P33,$A34) -> 0

Sheet Lists
A1: Mood | B1: Exercise (Y/N) | C1: Sleep Quality | D1: Stress Level | E1: Month
A2: Happy | B2: Yes | C2: Poor | D2: Low | E2: January
A3: Calm | B3: No | C3: Fair | D3: Medium | E3: February
A4: Energetic | C4: Good | D4: High | E4: March
A5: Tired | C5: Very good | E5: April
A6: Low | E6: May
A7: Irritable | E7: June
A8: Anxious | E8: July
A9: Sad | E9: August
A10: Headache | E10: September
A11: Other | E11: October
E12: November
E13: December

Sheet Settings
A1: Settings & Goals
A2: Field | B2: Value | C2: Notes
A3: Height (cm) | B3: 166 | C3: Used to auto-calculate BMI on every month sheet.
A4: Daily Step Goal | B4: 8000 | C4: Used for the Steps data bar and dashboard KPI.
A5: Daily Water Goal (L) | B5: 2.5 | C5: Used for the Water data bar.
A6: Target Sleep (hrs) | B6: 7.5 | C6: Used for the Sleep data bar.
A7: Screen Time Goal (hrs) | B7: 6 | C7: Reference only — not enforced by a formula.
A9: Blue values are editable inputs — change them any time.

Sheet January
A1: January — Daily Tracker
A2: Date | B2: Day | C2: Weight - Morning (kg) | D2: BMI (Morning) | E2: Weight - Evening (kg) | F2: Steps | G2: Resting Heart Rate (bpm) | H2: Calories Intake (kcal) | I2: Calories Burned (kcal) | J2: Water (L) | K2: Sleep (hrs) | L2: Sleep Quality | M2: Screen Time (hrs) | N2: Exercise (Y/N) | O2: Exercise Type / Duration (min) | P2: Mood | Q2: Stress Level | R2: Energy Level (1-10) | S2: Breakfast | T2: Lunch | U2: Dinner | V2: Symptoms / Notes
A3: =DATE(2026,1,1) -> 46023 | B3: =IF(A3="","",TEXT(A3,"ddd")) -> Thu | C3: 62.4 | D3: =IFERROR(ROUND(C3/((Settings!$B$3/100)^2),1),"") -> 22.6 | E3: 62.9 | F3: 7400 | G3: 72 | H3: 1850 | I3: 2100 | J3: 2.5 | K3: 7 | L3: Good | M3: 5.5 | N3: Yes | O3: Walk, 30 min | P3: Calm | Q3: Low | R3: 7 | S3: Poha, 1 cup chai | T3: Dal, rice, curd, salad | U3: Roti, sabzi, 1 apple | V3: Mild bloating in the evening
B4: =IF(A4="","",TEXT(A4,"ddd")) | D4: =IFERROR(ROUND(C4/((Settings!$B$3/100)^2),1),"") -> 0
B5: =IF(A5="","",TEXT(A5,"ddd")) | D5: =IFERROR(ROUND(C5/((Settings!$B$3/100)^2),1),"") -> 0
B6: =IF(A6="","",TEXT(A6,"ddd")) | D6: =IFERROR(ROUND(C6/((Settings!$B$3/100)^2),1),"") -> 0
B7: =IF(A7="","",TEXT(A7,"ddd")) | D7: =IFERROR(ROUND(C7/((Settings!$B$3/100)^2),1),"") -> 0
B8: =IF(A8="","",TEXT(A8,"ddd")) | D8: =IFERROR(ROUND(C8/((Settings!$B$3/100)^2),1),"") -> 0
B9: =IF(A9="","",TEXT(A9,"ddd")) | D9: =IFERROR(ROUND(C9/((Settings!$B$3/100)^2),1),"") -> 0
B10: =IF(A10="","",TEXT(A10,"ddd")) | D10: =IFERROR(ROUND(C10/((Settings!$B$3/100)^2),1),"") -> 0
B11: =IF(A11="","",TEXT(A11,"ddd")) | D11: =IFERROR(ROUND(C11/((Settings!$B$3/100)^2),1),"") -> 0
B12: =IF(A12="","",TEXT(A12,"ddd")) | D12: =IFERROR(ROUND(C12/((Settings!$B$3/100)^2),1),"") -> 0
B13: =IF(A13="","",TEXT(A13,"ddd")) | D13: =IFERROR(ROUND(C13/((Settings!$B$3/100)^2),1),"") -> 0
B14: =IF(A14="","",TEXT(A14,"ddd")) | D14: =IFERROR(ROUND(C14/((Settings!$B$3/100)^2),1),"") -> 0
B15: =IF(A15="","",TEXT(A15,"ddd")) | D15: =IFERROR(ROUND(C15/((Settings!$B$3/100)^2),1),"") -> 0
... B33: =IF(A33="","",TEXT(A33,"ddd")) | D33: =IFERROR(ROUND(C33/((Settings!$B$3/100)^2),1),"") -> 0

Sheet February
A1: February — Daily Tracker
A2: Date | B2: Day | C2: Weight - Morning (kg) | D2: BMI (Morning) | E2: Weight - Evening (kg) | F2: Steps | G2: Resting Heart Rate (bpm) | H2: Calories Intake (kcal) | I2: Calories Burned (kcal) | J2: Water (L) | K2: Sleep (hrs) | L2: Sleep Quality | M2: Screen Time (hrs) | N2: Exercise (Y/N) | O2: Exercise Type / Duration (min) | P2: Mood | Q2: Stress Level | R2: Energy Level (1-10) | S2: Breakfast | T2: Lunch | U2: Dinner | V2: Symptoms / Notes
B3: =IF(A3="","",TEXT(A3,"ddd")) | D3: =IFERROR(ROUND(C3/((Settings!$B$3/100)^2),1),"") -> 0
B4: =IF(A4="","",TEXT(A4,"ddd")) | D4: =IFERROR(ROUND(C4/((Settings!$B$3/100)^2),1),"") -> 0
B5: =IF(A5="","",TEXT(A5,"ddd")) | D5: =IFERROR(ROUND(C5/((Settings!$B$3/100)^2),1),"") -> 0
B6: =IF(A6="","",TEXT(A6,"ddd")) | D6: =IFERROR(ROUND(C6/((Settings!$B$3/100)^2),1),"") -> 0
B7: =IF(A7="","",TEXT(A7,"ddd")) | D7: =IFERROR(ROUND(C7/((Settings!$B$3/100)^2),1),"") -> 0
B8: =IF(A8="","",TEXT(A8,"ddd")) | D8: =IFERROR(ROUND(C8/((Settings!$B$3/100)^2),1),"") -> 0
B9: =IF(A9="","",TEXT(A9,"ddd")) | D9: =IFERROR(ROUND(C9/((Settings!$B$3/100)^2),1),"") -> 0
B10: =IF(A10="","",TEXT(A10,"ddd")) | D10: =IFERROR(ROUND(C10/((Settings!$B$3/100)^2),1),"") -> 0
B11: =IF(A11="","",TEXT(A11,"ddd")) | D11: =IFERROR(ROUND(C11/((Settings!$B$3/100)^2),1),"") -> 0
B12: =IF(A12="","",TEXT(A12,"ddd")) | D12: =IFERROR(ROUND(C12/((Settings!$B$3/100)^2),1),"") -> 0
B13: =IF(A13="","",TEXT(A13,"ddd")) | D13: =IFERROR(ROUND(C13/((Settings!$B$3/100)^2),1),"") -> 0
B14: =IF(A14="","",TEXT(A14,"ddd")) | D14: =IFERROR(ROUND(C14/((Settings!$B$3/100)^2),1),"") -> 0
... B33: =IF(A33="","",TEXT(A33,"ddd")) | D33: =IFERROR(ROUND(C33/((Settings!$B$3/100)^2),1),"") -> 0

Sheet March
A1: March — Daily Tracker
A2: Date | B2: Day | C2: Weight - Morning (kg) | D2: BMI (Morning) | E2: Weight - Evening (kg) | F2: Steps | G2: Resting Heart Rate (bpm) | H2: Calories Intake (kcal) | I2: Calories Burned (kcal) | J2: Water (L) | K2: Sleep (hrs) | L2: Sleep Quality | M2: Screen Time (hrs) | N2: Exercise (Y/N) | O2: Exercise Type / Duration (min) | P2: Mood | Q2: Stress Level | R2: Energy Level (1-10) | S2: Breakfast | T2: Lunch | U2: Dinner | V2: Symptoms / Notes
B3: =IF(A3="","",TEXT(A3,"ddd")) | D3: =IFERROR(ROUND(C3/((Settings!$B$3/100)^2),1),"") -> 0
B4: =IF(A4="","",TEXT(A4,"ddd")) | D4: =IFERROR(ROUND(C4/((Settings!$B$3/100)^2),1),"") -> 0
B5: =IF(A5="","",TEXT(A5,"ddd")) | D5: =IFERROR(ROUND(C5/((Settings!$B$3/100)^2),1),"") -> 0
B6: =IF(A6="","",TEXT(A6,"ddd")) | D6: =IFERROR(ROUND(C6/((Settings!$B$3/100)^2),1),"") -> 0
B7: =IF(A7="","",TEXT(A7,"ddd")) | D7: =IFERROR(ROUND(C7/((Settings!$B$3/100)^2),1),"") -> 0
B8: =IF(A8="","",TEXT(A8,"ddd")) | D8: =IFERROR(ROUND(C8/((Settings!$B$3/100)^2),1),"") -> 0
B9: =IF(A9="","",TEXT(A9,"ddd")) | D9: =IFERROR(ROUND(C9/((Settings!$B$3/100)^2),1),"") -> 0
B10: =IF(A10="","",TEXT(A10,"ddd")) | D10: =IFERROR(ROUND(C10/((Settings!$B$3/100)^2),1),"") -> 0
B11: =IF(A11="","",TEXT(A11,"ddd")) | D11: =IFERROR(ROUND(C11/((Settings!$B$3/100)^2),1),"") -> 0
B12: =IF(A12="","",TEXT(A12,"ddd")) | D12: =IFERROR(ROUND(C12/((Settings!$B$3/100)^2),1),"") -> 0
B13: =IF(A13="","",TEXT(A13,"ddd")) | D13: =IFERROR(ROUND(C13/((Settings!$B$3/100)^2),1),"") -> 0
B14: =IF(A14="","",TEXT(A14,"ddd")) | D14: =IFERROR(ROUND(C14/((Settings!$B$3/100)^2),1),"") -> 0
... B33: =IF(A33="","",TEXT(A33,"ddd")) | D33: =IFERROR(ROUND(C33/((Settings!$B$3/100)^2),1),"") -> 0

Sheet April
A1: April — Daily Tracker
A2: Date | B2: Day | C2: Weight - Morning (kg) | D2: BMI (Morning) | E2: Weight - Evening (kg) | F2: Steps | G2: Resting Heart Rate (bpm) | H2: Calories Intake (kcal) | I2: Calories Burned (kcal) | J2: Water (L) | K2: Sleep (hrs) | L2: Sleep Quality | M2: Screen Time (hrs) | N2: Exercise (Y/N) | O2: Exercise Type / Duration (min) | P2: Mood | Q2: Stress Level | R2: Energy Level (1-10) | S2: Breakfast | T2: Lunch | U2: Dinner | V2: Symptoms / Notes
B3: =IF(A3="","",TEXT(A3,"ddd")) | D3: =IFERROR(ROUND(C3/((Settings!$B$3/100)^2),1),"") -> 0
B4: =IF(A4="","",TEXT(A4,"ddd")) | D4: =IFERROR(ROUND(C4/((Settings!$B$3/100)^2),1),"") -> 0
B5: =IF(A5="","",TEXT(A5,"ddd")) | D5: =IFERROR(ROUND(C5/((Settings!$B$3/100)^2),1),"") -> 0
B6: =IF(A6="","",TEXT(A6,"ddd")) | D6: =IFERROR(ROUND(C6/((Settings!$B$3/100)^2),1),"") -> 0
B7: =IF(A7="","",TEXT(A7,"ddd")) | D7: =IFERROR(ROUND(C7/((Settings!$B$3/100)^2),1),"") -> 0
B8: =IF(A8="","",TEXT(A8,"ddd")) | D8: =IFERROR(ROUND(C8/((Settings!$B$3/100)^2),1),"") -> 0
B9: =IF(A9="","",TEXT(A9,"ddd")) | D9: =IFERROR(ROUND(C9/((Settings!$B$3/100)^2),1),"") -> 0
B10: =IF(A10="","",TEXT(A10,"ddd")) | D10: =IFERROR(ROUND(C10/((Settings!$B$3/100)^2),1),"") -> 0
B11: =IF(A11="","",TEXT(A11,"ddd")) | D11: =IFERROR(ROUND(C11/((Settings!$B$3/100)^2),1),"") -> 0
B12: =IF(A12="","",TEXT(A12,"ddd")) | D12: =IFERROR(ROUND(C12/((Settings!$B$3/100)^2),1),"") -> 0
B13: =IF(A13="","",TEXT(A13,"ddd")) | D13: =IFERROR(ROUND(C13/((Settings!$B$3/100)^2),1),"") -> 0
B14: =IF(A14="","",TEXT(A14,"ddd")) | D14: =IFERROR(ROUND(C14/((Settings!$B$3/100)^2),1),"") -> 0
... B33: =IF(A33="","",TEXT(A33,"ddd")) | D33: =IFERROR(ROUND(C33/((Settings!$B$3/100)^2),1),"") -> 0

Sheet May
A1: May — Daily Tracker
A2: Date | B2: Day | C2: Weight - Morning (kg) | D2: BMI (Morning) | E2: Weight - Evening (kg) | F2: Steps | G2: Resting Heart Rate (bpm) | H2: Calories Intake (kcal) | I2: Calories Burned (kcal) | J2: Water (L) | K2: Sleep (hrs) | L2: Sleep Quality | M2: Screen Time (hrs) | N2: Exercise (Y/N) | O2: Exercise Type / Duration (min) | P2: Mood | Q2: Stress Level | R2: Energy Level (1-10) | S2: Breakfast | T2: Lunch | U2: Dinner | V2: Symptoms / Notes
B3: =IF(A3="","",TEXT(A3,"ddd")) | D3: =IFERROR(ROUND(C3/((Settings!$B$3/100)^2),1),"") -> 0
B4: =IF(A4="","",TEXT(A4,"ddd")) | D4: =IFERROR(ROUND(C4/((Settings!$B$3/100)^2),1),"") -> 0
B5: =IF(A5="","",TEXT(A5,"ddd")) | D5: =IFERROR(ROUND(C5/((Settings!$B$3/100)^2),1),"") -> 0
B6: =IF(A6="","",TEXT(A6,"ddd")) | D6: =IFERROR(ROUND(C6/((Settings!$B$3/100)^2),1),"") -> 0
B7: =IF(A7="","",TEXT(A7,"ddd")) | D7: =IFERROR(ROUND(C7/((Settings!$B$3/100)^2),1),"") -> 0
B8: =IF(A8="","",TEXT(A8,"ddd")) | D8: =IFERROR(ROUND(C8/((Settings!$B$3/100)^2),1),"") -> 0
B9: =IF(A9="","",TEXT(A9,"ddd")) | D9: =IFERROR(ROUND(C9/((Settings!$B$3/100)^2),1),"") -> 0
B10: =IF(A10="","",TEXT(A10,"ddd")) | D10: =IFERROR(ROUND(C10/((Settings!$B$3/100)^2),1),"") -> 0
B11: =IF(A11="","",TEXT(A11,"ddd")) | D11: =IFERROR(ROUND(C11/((Settings!$B$3/100)^2),1),"") -> 0
B12: =IF(A12="","",TEXT(A12,"ddd")) | D12: =IFERROR(ROUND(C12/((Settings!$B$3/100)^2),1),"") -> 0
B13: =IF(A13="","",TEXT(A13,"ddd")) | D13: =IFERROR(ROUND(C13/((Settings!$B$3/100)^2),1),"") -> 0
B14: =IF(A14="","",TEXT(A14,"ddd")) | D14: =IFERROR(ROUND(C14/((Settings!$B$3/100)^2),1),"") -> 0
... B33: =IF(A33="","",TEXT(A33,"ddd")) | D33: =IFERROR(ROUND(C33/((Settings!$B$3/100)^2),1),"") -> 0

Sheet June
A1: June — Daily Tracker
A2: Date | B2: Day | C2: Weight - Morning (kg) | D2: BMI (Morning) | E2: Weight - Evening (kg) | F2: Steps | G2: Resting Heart Rate (bpm) | H2: Calories Intake (kcal) | I2: Calories Burned (kcal) | J2: Water (L) | K2: Sleep (hrs) | L2: Sleep Quality | M2: Screen Time (hrs) | N2: Exercise (Y/N) | O2: Exercise Type / Duration (min) | P2: Mood | Q2: Stress Level | R2: Energy Level (1-10) | S2: Breakfast | T2: Lunch | U2: Dinner | V2: Symptoms / Notes
B3: =IF(A3="","",TEXT(A3,"ddd")) | D3: =IFERROR(ROUND(C3/((Settings!$B$3/100)^2),1),"") -> 0
B4: =IF(A4="","",TEXT(A4,"ddd")) | D4: =IFERROR(ROUND(C4/((Settings!$B$3/100)^2),1),"") -> 0
B5: =IF(A5="","",TEXT(A5,"ddd")) | D5: =IFERROR(ROUND(C5/((Settings!$B$3/100)^2),1),"") -> 0
B6: =IF(A6="","",TEXT(A6,"ddd")) | D6: =IFERROR(ROUND(C6/((Settings!$B$3/100)^2),1),"") -> 0
B7: =IF(A7="","",TEXT(A7,"ddd")) | D7: =IFERROR(ROUND(C7/((Settings!$B$3/100)^2),1),"") -> 0
B8: =IF(A8="","",TEXT(A8,"ddd")) | D8: =IFERROR(ROUND(C8/((Settings!$B$3/100)^2),1),"") -> 0
B9: =IF(A9="","",TEXT(A9,"ddd")) | D9: =IFERROR(ROUND(C9/((Settings!$B$3/100)^2),1),"") -> 0
B10: =IF(A10="","",TEXT(A10,"ddd")) | D10: =IFERROR(ROUND(C10/((Settings!$B$3/100)^2),1),"") -> 0
B11: =IF(A11="","",TEXT(A11,"ddd")) | D11: =IFERROR(ROUND(C11/((Settings!$B$3/100)^2),1),"") -> 0
B12: =IF(A12="","",TEXT(A12,"ddd")) | D12: =IFERROR(ROUND(C12/((Settings!$B$3/100)^2),1),"") -> 0
B13: =IF(A13="","",TEXT(A13,"ddd")) | D13: =IFERROR(ROUND(C13/((Settings!$B$3/100)^2),1),"") -> 0
B14: =IF(A14="","",TEXT(A14,"ddd")) | D14: =IFERROR(ROUND(C14/((Settings!$B$3/100)^2),1),"") -> 0
... B33: =IF(A33="","",TEXT(A33,"ddd")) | D33: =IFERROR(ROUND(C33/((Settings!$B$3/100)^2),1),"") -> 0

Sheet July
A1: July — Daily Tracker
A2: Date | B2: Day | C2: Weight - Morning (kg) | D2: BMI (Morning) | E2: Weight - Evening (kg) | F2: Steps | G2: Resting Heart Rate (bpm) | H2: Calories Intake (kcal) | I2: Calories Burned (kcal) | J2: Water (L) | K2: Sleep (hrs) | L2: Sleep Quality | M2: Screen Time (hrs) | N2: Exercise (Y/N) | O2: Exercise Type / Duration (min) | P2: Mood | Q2: Stress Level | R2: Energy Level (1-10) | S2: Breakfast | T2: Lunch | U2: Dinner | V2: Symptoms / Notes
B3: =IF(A3="","",TEXT(A3,"ddd")) | D3: =IFERROR(ROUND(C3/((Settings!$B$3/100)^2),1),"") -> 0
B4: =IF(A4="","",TEXT(A4,"ddd")) | D4: =IFERROR(ROUND(C4/((Settings!$B$3/100)^2),1),"") -> 0
B5: =IF(A5="","",TEXT(A5,"ddd")) | D5: =IFERROR(ROUND(C5/((Settings!$B$3/100)^2),1),"") -> 0
B6: =IF(A6="","",TEXT(A6,"ddd")) | D6: =IFERROR(ROUND(C6/((Settings!$B$3/100)^2),1),"") -> 0
B7: =IF(A7="","",TEXT(A7,"ddd")) | D7: =IFERROR(ROUND(C7/((Settings!$B$3/100)^2),1),"") -> 0
B8: =IF(A8="","",TEXT(A8,"ddd")) | D8: =IFERROR(ROUND(C8/((Settings!$B$3/100)^2),1),"") -> 0
B9: =IF(A9="","",TEXT(A9,"ddd")) | D9: =IFERROR(ROUND(C9/((Settings!$B$3/100)^2),1),"") -> 0
B10: =IF(A10="","",TEXT(A10,"ddd")) | D10: =IFERROR(ROUND(C10/((Settings!$B$3/100)^2),1),"") -> 0
B11: =IF(A11="","",TEXT(A11,"ddd")) | D11: =IFERROR(ROUND(C11/((Settings!$B$3/100)^2),1),"") -> 0
B12: =IF(A12="","",TEXT(A12,"ddd")) | D12: =IFERROR(ROUND(C12/((Settings!$B$3/100)^2),1),"") -> 0
B13: =IF(A13="","",TEXT(A13,"ddd")) | D13: =IFERROR(ROUND(C13/((Settings!$B$3/100)^2),1),"") -> 0
B14: =IF(A14="","",TEXT(A14,"ddd")) | D14: =IFERROR(ROUND(C14/((Settings!$B$3/100)^2),1),"") -> 0
... B33: =IF(A33="","",TEXT(A33,"ddd")) | D33: =IFERROR(ROUND(C33/((Settings!$B$3/100)^2),1),"") -> 0

Sheet August
A1: August — Daily Tracker
A2: Date | B2: Day | C2: Weight - Morning (kg) | D2: BMI (Morning) | E2: Weight - Evening (kg) | F2: Steps | G2: Resting Heart Rate (bpm) | H2: Calories Intake (kcal) | I2: Calories Burned (kcal) | J2: Water (L) | K2: Sleep (hrs) | L2: Sleep Quality | M2: Screen Time (hrs) | N2: Exercise (Y/N) | O2: Exercise Type / Duration (min) | P2: Mood | Q2: Stress Level | R2: Energy Level (1-10) | S2: Breakfast | T2: Lunch | U2: Dinner | V2: Symptoms / Notes
A3: 46235 | B3: =IF(A3="","",TEXT(A3,"ddd")) -> Sat | D3: =IFERROR(ROUND(C3/((Settings!$B$3/100)^2),1),"") -> 0
A4: 46236 | B4: =IF(A4="","",TEXT(A4,"ddd")) -> Sun | D4: =IFERROR(ROUND(C4/((Settings!$B$3/100)^2),1),"") -> 0
A5: 46237 | B5: =IF(A5="","",TEXT(A5,"ddd")) -> Mon | D5: =IFERROR(ROUND(C5/((Settings!$B$3/100)^2),1),"") -> 0
A6: 46238 | B6: =IF(A6="","",TEXT(A6,"ddd")) -> Tue | D6: =IFERROR(ROUND(C6/((Settings!$B$3/100)^2),1),"") -> 0
A7: 46239 | B7: =IF(A7="","",TEXT(A7,"ddd")) -> Wed | D7: =IFERROR(ROUND(C7/((Settings!$B$3/100)^2),1),"") -> 0
A8: 46240 | B8: =IF(A8="","",TEXT(A8,"ddd")) -> Thu | D8: =IFERROR(ROUND(C8/((Settings!$B$3/100)^2),1),"") -> 0
A9: 46241 | B9: =IF(A9="","",TEXT(A9,"ddd")) -> Fri | D9: =IFERROR(ROUND(C9/((Settings!$B$3/100)^2),1),"") -> 0
A10: 46242 | B10: =IF(A10="","",TEXT(A10,"ddd")) -> Sat | D10: =IFERROR(ROUND(C10/((Settings!$B$3/100)^2),1),"") -> 0
A11: 46243 | B11: =IF(A11="","",TEXT(A11,"ddd")) -> Sun | D11: =IFERROR(ROUND(C11/((Settings!$B$3/100)^2),1),"") -> 0
A12: 46244 | B12: =IF(A12="","",TEXT(A12,"ddd")) -> Mon | D12: =IFERROR(ROUND(C12/((Settings!$B$3/100)^2),1),"") -> 0
A13: 46245 | B13: =IF(A13="","",TEXT(A13,"ddd")) -> Tue | D13: =IFERROR(ROUND(C13/((Settings!$B$3/100)^2),1),"") -> 0
A14: 46246 | B14: =IF(A14="","",TEXT(A14,"ddd")) -> Wed | D14: =IFERROR(ROUND(C14/((Settings!$B$3/100)^2),1),"") -> 0
... A29: 46261 | B29: =IF(A29="","",TEXT(A29,"ddd")) -> Thu | D29: =IFERROR(ROUND(C29/((Settings!$B$3/100)^2),1),"") -> 0
A30: 46262 | B30: =IF(A30="","",TEXT(A30,"ddd")) -> Fri | D30: =IFERROR(ROUND(C30/((Settings!$B$3/100)^2),1),"") -> 0 | K30: 6 | L30: Good | M30: 8 | N30: No | P30: Irritable | Q30: Medium | R30: 3 | S30: Marathi-paratha | T30: thali | U30: thali-Mix veg
A31: 46263 | B31: =IF(A31="","",TEXT(A31,"ddd")) -> Sat | C31: 63.9 | D31: =IFERROR(ROUND(C31/((Settings!$B$3/100)^2),1),"") -> 23.2 | F31: 2000 | J31: 3.5
A32: 46264 | B32: =IF(A32="","",TEXT(A32,"ddd")) -> Sun | D32: =IFERROR(ROUND(C32/((Settings!$B$3/100)^2),1),"") -> 0
A33: 46265 | B33: =IF(A33="","",TEXT(A33,"ddd")) -> Mon | D33: =IFERROR(ROUND(C33/((Settings!$B$3/100)^2),1),"") -> 0

Sheet September
A1: September — Daily Tracker
A2: Date | B2: Day | C2: Weight - Morning (kg) | D2: BMI (Morning) | E2: Weight - Evening (kg) | F2: Steps | G2: Resting Heart Rate (bpm) | H2: Calories Intake (kcal) | I2: Calories Burned (kcal) | J2: Water (L) | K2: Sleep (hrs) | L2: Sleep Quality | M2: Screen Time (hrs) | N2: Exercise (Y/N) | O2: Exercise Type / Duration (min) | P2: Mood | Q2: Stress Level | R2: Energy Level (1-10) | S2: Breakfast | T2: Lunch | U2: Dinner | V2: Symptoms / Notes
B3: =IF(A3="","",TEXT(A3,"ddd")) | D3: =IFERROR(ROUND(C3/((Settings!$B$3/100)^2),1),"") -> 0
B4: =IF(A4="","",TEXT(A4,"ddd")) | D4: =IFERROR(ROUND(C4/((Settings!$B$3/100)^2),1),"") -> 0
B5: =IF(A5="","",TEXT(A5,"ddd")) | D5: =IFERROR(ROUND(C5/((Settings!$B$3/100)^2),1),"") -> 0
B6: =IF(A6="","",TEXT(A6,"ddd")) | D6: =IFERROR(ROUND(C6/((Settings!$B$3/100)^2),1),"") -> 0
B7: =IF(A7="","",TEXT(A7,"ddd")) | D7: =IFERROR(ROUND(C7/((Settings!$B$3/100)^2),1),"") -> 0
B8: =IF(A8="","",TEXT(A8,"ddd")) | D8: =IFERROR(ROUND(C8/((Settings!$B$3/100)^2),1),"") -> 0
B9: =IF(A9="","",TEXT(A9,"ddd")) | D9: =IFERROR(ROUND(C9/((Settings!$B$3/100)^2),1),"") -> 0
B10: =IF(A10="","",TEXT(A10,"ddd")) | D10: =IFERROR(ROUND(C10/((Settings!$B$3/100)^2),1),"") -> 0
B11: =IF(A11="","",TEXT(A11,"ddd")) | D11: =IFERROR(ROUND(C11/((Settings!$B$3/100)^2),1),"") -> 0
B12: =IF(A12="","",TEXT(A12,"ddd")) | D12: =IFERROR(ROUND(C12/((Settings!$B$3/100)^2),1),"") -> 0
B13: =IF(A13="","",TEXT(A13,"ddd")) | D13: =IFERROR(ROUND(C13/((Settings!$B$3/100)^2),1),"") -> 0
B14: =IF(A14="","",TEXT(A14,"ddd")) | D14: =IFERROR(ROUND(C14/((Settings!$B$3/100)^2),1),"") -> 0
... B33: =IF(A33="","",TEXT(A33,"ddd")) | D33: =IFERROR(ROUND(C33/((Settings!$B$3/100)^2),1),"") -> 0

Sheet October
A1: October — Daily Tracker
A2: Date | B2: Day | C2: Weight - Morning (kg) | D2: BMI (Morning) | E2: Weight - Evening (kg) | F2: Steps | G2: Resting Heart Rate (bpm) | H2: Calories Intake (kcal) | I2: Calories Burned (kcal) | J2: Water (L) | K2: Sleep (hrs) | L2: Sleep Quality | M2: Screen Time (hrs) | N2: Exercise (Y/N) | O2: Exercise Type / Duration (min) | P2: Mood | Q2: Stress Level | R2: Energy Level (1-10) | S2: Breakfast | T2: Lunch | U2: Dinner | V2: Symptoms / Notes
B3: =IF(A3="","",TEXT(A3,"ddd")) | D3: =IFERROR(ROUND(C3/((Settings!$B$3/100)^2),1),"") -> 0
B4: =IF(A4="","",TEXT(A4,"ddd")) | D4: =IFERROR(ROUND(C4/((Settings!$B$3/100)^2),1),"") -> 0
B5: =IF(A5="","",TEXT(A5,"ddd")) | D5: =IFERROR(ROUND(C5/((Settings!$B$3/100)^2),1),"") -> 0
B6: =IF(A6="","",TEXT(A6,"ddd")) | D6: =IFERROR(ROUND(C6/((Settings!$B$3/100)^2),1),"") -> 0
B7: =IF(A7="","",TEXT(A7,"ddd")) | D7: =IFERROR(ROUND(C7/((Settings!$B$3/100)^2),1),"") -> 0
B8: =IF(A8="","",TEXT(A8,"ddd")) | D8: =IFERROR(ROUND(C8/((Settings!$B$3/100)^2),1),"") -> 0
B9: =IF(A9="","",TEXT(A9,"ddd")) | D9: =IFERROR(ROUND(C9/((Settings!$B$3/100)^2),1),"") -> 0
B10: =IF(A10="","",TEXT(A10,"ddd")) | D10: =IFERROR(ROUND(C10/((Settings!$B$3/100)^2),1),"") -> 0
B11: =IF(A11="","",TEXT(A11,"ddd")) | D11: =IFERROR(ROUND(C11/((Settings!$B$3/100)^2),1),"") -> 0
B12: =IF(A12="","",TEXT(A12,"ddd")) | D12: =IFERROR(ROUND(C12/((Settings!$B$3/100)^2),1),"") -> 0
B13: =IF(A13="","",TEXT(A13,"ddd")) | D13: =IFERROR(ROUND(C13/((Settings!$B$3/100)^2),1),"") -> 0
B14: =IF(A14="","",TEXT(A14,"ddd")) | D14: =IFERROR(ROUND(C14/((Settings!$B$3/100)^2),1),"") -> 0
... B33: =IF(A33="","",TEXT(A33,"ddd")) | D33: =IFERROR(ROUND(C33/((Settings!$B$3/100)^2),1),"") -> 0

Sheet November
A1: November — Daily Tracker
A2: Date | B2: Day | C2: Weight - Morning (kg) | D2: BMI (Morning) | E2: Weight - Evening (kg) | F2: Steps | G2: Resting Heart Rate (bpm) | H2: Calories Intake (kcal) | I2: Calories Burned (kcal) | J2: Water (L) | K2: Sleep (hrs) | L2: Sleep Quality | M2: Screen Time (hrs) | N2: Exercise (Y/N) | O2: Exercise Type / Duration (min) | P2: Mood | Q2: Stress Level | R2: Energy Level (1-10) | S2: Breakfast | T2: Lunch | U2: Dinner | V2: Symptoms / Notes
B3: =IF(A3="","",TEXT(A3,"ddd")) | D3: =IFERROR(ROUND(C3/((Settings!$B$3/100)^2),1),"") -> 0
B4: =IF(A4="","",TEXT(A4,"ddd")) | D4: =IFERROR(ROUND(C4/((Settings!$B$3/100)^2),1),"") -> 0
B5: =IF(A5="","",TEXT(A5,"ddd")) | D5: =IFERROR(ROUND(C5/((Settings!$B$3/100)^2),1),"") -> 0
B6: =IF(A6="","",TEXT(A6,"ddd")) | D6: =IFERROR(ROUND(C6/((Settings!$B$3/100)^2),1),"") -> 0
B7: =IF(A7="","",TEXT(A7,"ddd")) | D7: =IFERROR(ROUND(C7/((Settings!$B$3/100)^2),1),"") -> 0
B8: =IF(A8="","",TEXT(A8,"ddd")) | D8: =IFERROR(ROUND(C8/((Settings!$B$3/100)^2),1),"") -> 0
B9: =IF(A9="","",TEXT(A9,"ddd")) | D9: =IFERROR(ROUND(C9/((Settings!$B$3/100)^2),1),"") -> 0
B10: =IF(A10="","",TEXT(A10,"ddd")) | D10: =IFERROR(ROUND(C10/((Settings!$B$3/100)^2),1),"") -> 0
B11: =IF(A11="","",TEXT(A11,"ddd")) | D11: =IFERROR(ROUND(C11/((Settings!$B$3/100)^2),1),"") -> 0
B12: =IF(A12="","",TEXT(A12,"ddd")) | D12: =IFERROR(ROUND(C12/((Settings!$B$3/100)^2),1),"") -> 0
B13: =IF(A13="","",TEXT(A13,"ddd")) | D13: =IFERROR(ROUND(C13/((Settings!$B$3/100)^2),1),"") -> 0
B14: =IF(A14="","",TEXT(A14,"ddd")) | D14: =IFERROR(ROUND(C14/((Settings!$B$3/100)^2),1),"") -> 0
... B33: =IF(A33="","",TEXT(A33,"ddd")) | D33: =IFERROR(ROUND(C33/((Settings!$B$3/100)^2),1),"") -> 0

Sheet December
A1: December — Daily Tracker
A2: Date | B2: Day | C2: Weight - Morning (kg) | D2: BMI (Morning) | E2: Weight - Evening (kg) | F2: Steps | G2: Resting Heart Rate (bpm) | H2: Calories Intake (kcal) | I2: Calories Burned (kcal) | J2: Water (L) | K2: Sleep (hrs) | L2: Sleep Quality | M2: Screen Time (hrs) | N2: Exercise (Y/N) | O2: Exercise Type / Duration (min) | P2: Mood | Q2: Stress Level | R2: Energy Level (1-10) | S2: Breakfast | T2: Lunch | U2: Dinner | V2: Symptoms / Notes
B3: =IF(A3="","",TEXT(A3,"ddd")) | D3: =IFERROR(ROUND(C3/((Settings!$B$3/100)^2),1),"") -> 0
B4: =IF(A4="","",TEXT(A4,"ddd")) | D4: =IFERROR(ROUND(C4/((Settings!$B$3/100)^2),1),"") -> 0
B5: =IF(A5="","",TEXT(A5,"ddd")) | D5: =IFERROR(ROUND(C5/((Settings!$B$3/100)^2),1),"") -> 0
B6: =IF(A6="","",TEXT(A6,"ddd")) | D6: =IFERROR(ROUND(C6/((Settings!$B$3/100)^2),1),"") -> 0
B7: =IF(A7="","",TEXT(A7,"ddd")) | D7: =IFERROR(ROUND(C7/((Settings!$B$3/100)^2),1),"") -> 0
B8: =IF(A8="","",TEXT(A8,"ddd")) | D8: =IFERROR(ROUND(C8/((Settings!$B$3/100)^2),1),"") -> 0
B9: =IF(A9="","",TEXT(A9,"ddd")) | D9: =IFERROR(ROUND(C9/((Settings!$B$3/100)^2),1),"") -> 0
B10: =IF(A10="","",TEXT(A10,"ddd")) | D10: =IFERROR(ROUND(C10/((Settings!$B$3/100)^2),1),"") -> 0
B11: =IF(A11="","",TEXT(A11,"ddd")) | D11: =IFERROR(ROUND(C11/((Settings!$B$3/100)^2),1),"") -> 0
B12: =IF(A12="","",TEXT(A12,"ddd")) | D12: =IFERROR(ROUND(C12/((Settings!$B$3/100)^2),1),"") -> 0
B13: =IF(A13="","",TEXT(A13,"ddd")) | D13: =IFERROR(ROUND(C13/((Settings!$B$3/100)^2),1),"") -> 0
B14: =IF(A14="","",TEXT(A14,"ddd")) | D14: =IFERROR(ROUND(C14/((Settings!$B$3/100)^2),1),"") -> 0
... B33: =IF(A33="","",TEXT(A33,"ddd")) | D33: =IFERROR(ROUND(C33/((Settings!$B$3/100)^2),1),"") -> 0
